{
  "total_trades": 13,
  "winning_trades": 5,
  "losing_trades": 8,
  "win_rate": 38.46153846153847,
  "total_pnl": 95.82999999999433,
  "max_drawdown": 1.0302982179076574,
  "profit_factor": 1.2352175940698327,
  "avg_win": 100.64800000000221,
  "avg_loss": -50.926250000002085,
  "final_balance": 10095.829999999996,
  "roi": 0.9582999999999628
}