{
  "total_trades": 8,
  "winning_trades": 4,
  "losing_trades": 4,
  "win_rate": 50.0,
  "total_pnl": 199.43000000000546,
  "max_drawdown": 0.9999088318418201,
  "profit_factor": 1.979951845118186,
  "avg_win": 100.73500000000224,
  "avg_loss": -50.87750000000088,
  "final_balance": 10199.430000000006,
  "roi": 1.9943000000000575
}