{
  "total_trades": 2,
  "winning_trades": 1,
  "losing_trades": 1,
  "win_rate": 50.0,
  "total_pnl": 51.870000000006534,
  "max_drawdown": 0.49589999999996515,
  "profit_factor": 2.045977011494473,
  "avg_win": 101.46000000000234,
  "avg_loss": -49.589999999995804,
  "final_balance": 10051.870000000006,
  "roi": 0.5187000000000626
}